title,circular_no,date,category,circular_type,url
Revised Prudential Regulations (PRs) for Microfinance Banks,ACFID Circular No. 01 of 2025 of 2025,May 16 2025,Agriculture Credit & Financial Inclusion Department / ACFID / 468,Microfinance,https://www.sbp.org.pk/circulars/acfid-circular-no-01-of-2025
FORMAT OF ANNUAL AND INTERIM FINANCIAL STATEMENTS OF MICROFINANCE BANKS (MFBs),BPRD Circular No. 03 of 2023,February 09 2023,Banking Policy & Regulations Department / BPRD / 5700,Microfinance,https://www.sbp.org.pk/circulars/bprd-circular-no-03-of-2023
Shareholding Returns-Banks/DFIs/MFBs,BPRD Circular Letter No. 30 of 2022,October 25 2022,Banking Policy & Regulations Department / BPRD / 5912,Microfinance,https://www.sbp.org.pk/circulars/bprd-circular-letter-no-30-of-2022
"Revision in Prudential Regulations for Microfinance Banks:
R-5: Maximum Loan Size and Eligibility of Borrowers,
R-8: Classification of Assets and Provisioning Requirements &
R-10: Charging-off Non-Performing Loans (NPLs)",AC&MFD Circular No. 02 of 2022,March 16 2022,Agriculture Credit & Financial Inclusion Department / ACFID / 8341,Microfinance,https://www.sbp.org.pk/circulars/acmfd-circular-no-02-of-2022
Amendments in Prudential Regulations for Microfinance Banks,AC&MFD Circular Letter No. 02 of 2021,December 11 2021,Agriculture Credit & Financial Inclusion Department / ACFID / 8346,Microfinance,https://www.sbp.org.pk/circulars/acmfd-circular-letter-no-02-of-2021
Regulatory Relief to Dampen the Effects of Covid-19 Prudential Regulations for Micro Finance Banks,AC&MFD Circular Letter No. 01 of 2021,December 01 2021,Agriculture Credit & Financial Inclusion Department / ACFID / 8347,Microfinance,https://www.sbp.org.pk/circulars/acmfd-circular-letter-no-01-of-2021
Revision In Prudential Regulations For Microfinance Banks:R - 5: Maximum Loan Size And Eligibility Of Borrowers & R - 6: Maximum Exposure Of A Borrower From MFBs/MFIs/Other Financial Institutions,AC&MFD Circular No. 02 of 2020,August 10 2020,Agriculture Credit & Financial Inclusion Department / ACFID / 8348,Microfinance,https://www.sbp.org.pk/circulars/acmfd-circular-no-02-of-2020
Regulatory Relief to Dampen The Effects Of Covid-19 - Prudential Regulations for Micro Finance Banks,AC&MFD Circular Letter No. 07 of 2020,August 10 2020,Agriculture Credit & Financial Inclusion Department / ACFID / 8350,Microfinance,https://www.sbp.org.pk/circulars/acmfd-circular-letter-no-07-of-2020
REGULATORY RELIEF TO DAMPEN THE EFFECTS OF COVID-19 - PRUDENTIAL REGULATIONS FOR MICRO FINANCE BANKS,AC&MFD Circular Letter No. 04 of 2020,July 07 2020,Agriculture Credit & Financial Inclusion Department / ACFID / 8353,Microfinance,https://www.sbp.org.pk/circulars/acmfd-circular-letter-no-04-of-2020
Regulatory Relief To Dampen The Effects Of Covid-19 - Prudential Regulations For Micro Finance Banks,AC&MFD Circular Letter No. 01 of 2020,March 26 2020,Agriculture Credit & Financial Inclusion Department / ACFID / 8356,Microfinance,https://www.sbp.org.pk/circulars/acmfd-circular-letter-no-01-of-2020
Guidelines on Compliance of Government of Pakistan’s Notifications issued under United Nations Security Council (UNSC) Resolutions,BPRD Circular No. 09 of 2019,December 30 2019,Banking Policy & Regulations Department / BPRD / 6093,Microfinance,https://www.sbp.org.pk/circulars/bprd-circular-no-09-of-2019
Fit & Proper Test (Criteria) for Microfinance Banks,AC&MFD Circular Letter No. 04 of 2019,December 30 2019,Agriculture Credit & Financial Inclusion Department / ACFID / 8361,Microfinance,https://www.sbp.org.pk/circulars/acmfd-circular-letter-no-04-of-2019
Housing Finance – Enhancement of Loan Limits for Microfinance Banks,AC&MFD Circular No. 01 of 2019,March 11 2019,Agriculture Credit & Financial Inclusion Department / ACFID / 8360,Microfinance,https://www.sbp.org.pk/circulars/acmfd-circular-no-01-of-2019
Enhancement of Maximum Loans Size for Microenterprises,AC&MFD Circular No. 03 of 2017,December 22 2017,Agriculture Credit & Financial Inclusion Department / ACFID / 8367,Microfinance,https://www.sbp.org.pk/circulars/acmfd-circular-no-03-of-2017
Microfinance Credit Guarantee Facility (MCGF),AC&MFD Circular No. 01 of 2017,April 13 2017,Agriculture Credit & Financial Inclusion Department / ACFID / 8369,Microfinance,https://www.sbp.org.pk/circulars/acmfd-circular-no-01-of-2017
Membership of Microfinance Banks (MFBs) for Clearing House,PSD Circular No. 02 of 2015,October 12 2015,Payment Systems Policy & Oversight Department / PSPOD / 9325,Microfinance,https://www.sbp.org.pk/circulars/psd-circular-no-02-of-2015
Fit & Proper Test (Criteria) for Microfinance Banks,AC&MFD Circular No. 05 of 2015,September 22 2015,Agriculture Credit & Financial Inclusion Department / ACFID / 8371,Microfinance,https://www.sbp.org.pk/circulars/acmfd-circular-no-05-of-2015
Amendment in Prudential Regulation R-5 for Microfinance Banks (MFBs),AC&MFD Circular No. 02 of 2015,June 18 2015,Agriculture Credit & Financial Inclusion Department / ACFID / 8374,Microfinance,https://www.sbp.org.pk/circulars/acmfd-circular-no-02-of-2015
Amendment in Prudential Regulations (R-1) for Microfinance Banks (MFBs),BPRD Circular No. 10 of 2015,June 03 2015,Banking Policy & Regulations Department / BPRD / 6363,Microfinance,https://www.sbp.org.pk/circulars/bprd-circular-no-10-of-2015
Submission of Bi-weekly Statements of Microfinance Banks through Data Acquisition Portal,OSED Circular Letter No. 01 of 2015,April 20 2015,Banking Supervision Department-I / BSD1 / 8319,Microfinance,https://www.sbp.org.pk/circulars/osed-circular-letter-no-01-of-2015
Amendment in Microfinance Credit Guarantee Facility (MCGF),AC&MFD Circular No. 01 of 2015,January 28 2015,Agriculture Credit & Financial Inclusion Department / ACFID / 8375,Microfinance,https://www.sbp.org.pk/circulars/acmfd-circular-no-01-of-2015
Financial Integrity Requirements for service providers to the Banks/MFBs/DFIs,BPRD Circular No. 13 of 2014,December 11 2014,Banking Policy & Regulations Department / BPRD / 6480,Microfinance,https://www.sbp.org.pk/circulars/bprd-circular-no-13-of-2014
Revised Prudential Regulations for Microfinance Banks (MFBs)”,AC&MFD Circular No. 03 of 2014,June 10 2014,Agriculture Credit & Financial Inclusion Department / ACFID / 8381,Microfinance,https://www.sbp.org.pk/circulars/acmfd-circular-no-03-of-2014
Microfinance Credit Guarantee Facility (MCGF),AC&MFD Circular No. 03 of 2012,June 21 2012,Agriculture Credit & Financial Inclusion Department / ACFID / 8387,Microfinance,https://www.sbp.org.pk/circulars/acmfd-circular-no-03-of-2012
All Micro Finance Banks/DFIs/Exchange Companies,Circular No. 1 of 2012,April 29 2012,/  / 9008,Microfinance,https://www.sbp.org.pk/circulars/circular-no-1-of-2012
Prudential Regulations For Microfinance Banks Revision in PR - 10 & PR - 11,AC&MFD Circular No. 02 of 2012,March 16 2012,Agriculture Credit & Financial Inclusion Department / ACFID / 8388,Microfinance,https://www.sbp.org.pk/circulars/acmfd-circular-no-02-of-2012
Prudential Regulations For Microfinance Banks - Review of Instructions Relating to General Provision Requirements,AC&MFD Circular Letter No. 01 of 2011,September 16 2011,Agriculture Credit & Financial Inclusion Department / ACFID / 8393,Microfinance,https://www.sbp.org.pk/circulars/acmfd-circular-letter-no-01-of-2011
All Micro Finance Banks/DFIs/Exchange Companies,Circular No. 1 of 2011,April 29 2011,/  / 9053,Microfinance,https://www.sbp.org.pk/circulars/circular-no-1-of-2011
Prudential Regulations for Microfinance Banks,BPRD Circular Letter No. 04 of 2011,March 09 2011,Banking Policy & Regulations Department / BPRD / 6644,Microfinance,https://www.sbp.org.pk/circulars/bprd-circular-letter-no-04-of-2011
Relief Measures for Borrowers of Floods Affected Areas,MFD Circular No. 06 of 2010,November 02 2010,Agriculture Credit & Financial Inclusion Department / ACFID / 5040,Microfinance,https://www.sbp.org.pk/circulars/mfd-circular-no-06-2010
Special FCY Borrowing by Micro Finance Banks/Institutions(MFB/Is),FE Circular No. 08 of 2009,November 25 2009,Exchange Policy Department / EPD / 4338,Microfinance,https://www.sbp.org.pk/circulars/fe-circular-no-08-of-2009
Microfinance Credit Guarantee Facility (MCGF),BPRD Circular Letter No. 26 of 2009,September 08 2009,Banking Policy & Regulations Department / BPRD / 7854,Microfinance,https://www.sbp.org.pk/circulars/bprd-circular-letter-no-26-of-2009
Amendments in Microfinance Credit Guarantee Facility (“MCGF”),BPRD Circular Letter No. 19 of 2009,July 16 2009,Banking Policy & Regulations Department / BPRD / 7866,Microfinance,https://www.sbp.org.pk/circulars/bprd-circular-letter-no-19-of-2009
Amendments in Microfinance Credit Guarantee Facility (“MCGF”),BPRD Circular No. 10 of 2009,May 26 2009,Banking Policy & Regulations Department / BPRD / 7602,Microfinance,https://www.sbp.org.pk/circulars/bprd-circular-no-10-of-2009
FINANCING FACILITIES BY BANKS/DFIs TO MICROFINANCE BANKS (MFBs) AND MICRO FINANCE INSTITUTIONS (MFIs),BPRD Circular No. 15 of 2008,December 19 2008,Banking Policy & Regulations Department / BPRD / 7888,Microfinance,https://www.sbp.org.pk/circulars/bprd-circular-no-15-of-2008
AMENDMENT IN REVISED PRUDENTIAL REGULATION FOR MICROFINANCE BANKs (MFBs),BPRD Circular No. 10  of 2008,August 19 2008,Banking Policy & Regulations Department / BPRD / 7894,Microfinance,https://www.sbp.org.pk/circulars/bprd-circular-no-10-of-2008
Revised Prudential Regulations for Microfinance Banks (MFBS),BPRD Circular No. 01 of 2007,March 05 2007,Banking Policy & Regulations Department / BPRD / 8971,Microfinance,https://www.sbp.org.pk/circulars/bprd-circular-no-01-of-2007
Submission of Periodical Returns and Minutes of Board of Directors’/General Meetings,MFD Circular Letter No. 1 of 2007,February 02 2007,Agriculture Credit & Financial Inclusion Department / ACFID / 8988,Microfinance,https://www.sbp.org.pk/circulars/mfd-circular-letter-no-1-of-2007
GUIDELINES FOR COMMERCIAL BANKS TO UNDERTAKE MICROFINANCE BUSINESS,SMED Circular No. 11 of 2006,June 27 2006,SME Housing & Sustainable Fianance Department / SHSFD / 10299,Microfinance,https://www.sbp.org.pk/circulars/smed-circular-no-11
Guidelines for Commercial Banks to Undertake Microfinance Business,SMED Circular No. 10 of 2006,June 10 2006,SME Housing & Sustainable Fianance Department / SHSFD / 9027,Microfinance,https://www.sbp.org.pk/circulars/smed-circular-no-10-of-2006
Prudential Regulations for Commercial Banks to undertake Micro Finance Business,SMED Circular No. 11 of 2006,June 10 2006,SME Housing & Sustainable Fianance Department / SHSFD / 9025,Microfinance,https://www.sbp.org.pk/circulars/smed-circular-no-11-of-2006
Amendments in Prudential Regulation Nos. 12 And 14 for Microfinance Banks (MFBs),SMED Circular No. 7 of 2006,April 13 2006,SME Housing & Sustainable Fianance Department / SHSFD / 9033,Microfinance,https://www.sbp.org.pk/circulars/smed-circular-no-7-of-2006
Fit & Proper Criteria for Board Members and President/Chief Executive of Microfinance Banks,BSD Circular No. 2 of 2005,March 28 2005,Banking Supervision Department-I / BSD1 / 10199,Microfinance,https://www.sbp.org.pk/circulars/bsd-circular-no-2-of-2005
CREDIT RATING OF MICROFINANCE BANKS PRUDENTIAL REGULATION 29 FOR MICROFINANCE BANKS,BSD Circular No. 11 of 2003,December 30 2003,Banking Supervision Department-I / BSD1 / 10306,Microfinance,https://www.sbp.org.pk/circulars/bsd-circular-no-11
GUIDELINES FOR MOBILE BANKING OPERATIONS OF MICROFINANCE BANKS/ INSTITUTIONS,BSD Circular No. 10 of 2003,November 17 2003,Banking Supervision Department-I / BSD1 / 10307,Microfinance,https://www.sbp.org.pk/circulars/bsd-circular-no-10
Guidelines For Mobile Banking Operations Of Microfinance Banks/ Institutions,BSD Circular No. 2 of 2003,February 14 2003,Banking Supervision Department-I / BSD1 / 10242,Microfinance,https://www.sbp.org.pk/circulars/bsd-circular-no-2-of-2003
MICRO FINANCE RULES,BSD Circular No. 13 of 2002,April 24 2002,Banking Supervision Department-I / BSD1 / 10309,Microfinance,https://www.sbp.org.pk/circulars/bsd-circular-no-13-of-2002
